,paths,folds
0,0__sXndMBAsOppg3fT6pxhJLg.jpg,2
1,Copy of 61D2aTY12NiYSjLgsG0bPA_180.jpg,1
2,0__97c-WOsylnVuUKz3-SWdrA.jpg,1
3,0__g5bdZLCmUDnWFMuvE_89Gg.jpg,2
4,0__IU3Z_GrHX_W0Y2NcszfCpg.jpg,3
5,0__1nSj8S8pPLR7o0EUEBzpLg.jpg,0
6,180__lGgxKwbaZVZtwMgprMNFqw.jpg,4
7,Copy of eudTm6HYc9kwgmnhnOkNNQ_180.jpg,0
8,Copy of WEY3-nqhQU1K8MlHGx2igQ_180.jpg,0
9,Copy of gJy_GrwjRxQxldCE_xSWxg_0.jpg,0
10,Copy of CThgCW3mfmAVTAUXiajjtw_0.jpg,1
11,0__2n2LFQzsVz3F8oyi8gKuUg.jpg,0
12,0__GdQzwSOlEFHOqu4gxvfXOw.jpg,1
13,0__6KY5_JSlmPMHQgIXxjtdAw.jpg,0
14,0__t6EKckY1_pwb9CFsEnnXrQ.jpg,2
15,0__AO8O6WPhs4UViZ-SvM0Qtw.jpg,0
16,0__OJxdQ4_yxQL7Z3cw_NjPmQ.jpg,2
17,Copy of yAerwxVD9SIYIWr9Jn6GRQ_0.jpg,0
18,0__n2ziUWJ7SyUCSEbP9p8LVg.jpg,4
19,0__0z_iqq2Zot0Khvd_z6373w.jpg,0
20,0__o3glwBAyAkpbJxJ6N0hQYw.jpg,4
21,0__BlKTTtUQdj47EeGXw0RX3g.jpg,4
22,0__eqg6MqMSmkQxN0p8GM8HOw.jpg,3
23,Copy of DR-nruH9f9YxBXNqj-09gA_0.jpg,0
24,180__xenSkboSmpkdkAX5ZrTn4w.jpg,0
25,0__C2aERtw-WeT5PZYZsRp4WA.jpg,3
26,0__4mhfqsMfburIVgscfS2LJg.jpg,0
27,Copy of m9CYRAV9JaNDRCjvJN37xw_0.jpg,1
28,180__ZAfZePhW4SQzhV9tk7e-Bw.jpg,0
29,0__2T66AN-Z4FBiO1qJCkzz-Q.jpg,2
30,180__ZU7Uhluk09LbeC44V7mO8A.jpg,0
31,0__CEBucTSQAK9Pt_WMM7na8Q.jpg,2
32,0__qpDClFCeTf9uV6-6voUi2A.jpg,1
33,Copy of bkyEL37Hiu141XmiF2embg_0.jpg,4
34,0__OMRskAzL0KWhhj3BhLFiRg.jpg,3
35,0__S1clLvnGSMVa_hkn05JQ8A.jpg,3
36,180__XDKksXgvSkqfQ_UyARdwyQ.jpg,2
37,0__F6LQsch4Son_wc5AVSpLJA.jpg,4
38,Copy of NJEMeMHBjyCtv002zjs-Kw_180.jpg,4
39,Copy of 4KTIsmTno1tq68ZoQk7szA_0.jpg,3
40,0__TV9dwHjhK3yctQxYqvrwgA.jpg,1
41,0__eDapjNDvpvKQUJwNqGvl2Q.jpg,3
42,Copy of YAqsjUKCMc_DkjpPMtrIcQ_180.jpg,3
43,0__03JmU6shJ3JteCsDaPlEww.jpg,3
44,Copy of yoiRV2AWvfIV_dpy3iNA_g_0.jpg,1
45,Copy of Q5hPq0T5NaY-1Gkle0utnA_0.jpg,4
46,Copy of CdUUOPi4OWipKBmTaS4m8A_0.jpg,3
47,0__yroSlgsc-E40jJ1lBvfbUA.jpg,0
48,0__2C9pwQfieTC0JynCjsWN1Q.jpg,0
49,0__0ckFl-xIXLf0Wj7aJj_0Sw.jpg,2
50,0__6L3njM9LJKdhsEx4Y1jzvg.jpg,2
51,0__kprl8hDKU4D3AbNc1MrC1w.jpg,2
52,0__csfN6D5KhceqRaEG1IUFTw.jpg,1
53,0__irvRWiBvq-in42pzxYEcTg.jpg,3
54,0__4Sp4YQt4e_ftEX0mjXRlnw.jpg,4
55,0__m3crjs2uBKosqXgZC_ASFg.jpg,1
56,0__G85nkshpWKy9FUcou65LJw.jpg,4
57,0__7em7W_QoWrzTe7AvXAHVRA.jpg,2
58,0__3b5hW1xufsJQs3VOulFwAA.jpg,1
59,0__8ruBViKobCPHPcRTqODSVg.jpg,3
60,0__zMdfbi_Yd3FG6cAtbgDVGg.jpg,1
61,0__0xv32knjkIqYmHod1_50Nw.jpg,1
62,0__2uajoGdpjTHgG-B9IVLz-w.jpg,4
63,0__A1US5ryeq89OpZyQ34Yw2w.jpg,3
64,0__feklEVqFKukV0OoPuaJdwA.jpg,3
65,Copy of W1Rk8DNnasdtbOQtm8uvGQ_0.jpg,3
66,0__HGfwAJf3FwbWnsRE2u8dOA.jpg,4
67,180__xNo6L3vsPcnS4scUI7gFrw.jpg,1
68,180__w5a12bmBUqQyCGeDAwlRSg.jpg,2
69,0__-uJFMFzX6QlivXft7BIJPw.jpg,4
70,180__m3crjs2uBKosqXgZC_ASFg.jpg,1
71,180__VZ9uZkfg42XjJymYbftU6Q.jpg,2
72,Copy of dTC8LVc1cp99Wa1nmx1K1Q_0.jpg,3
73,Copy of nMGkarCfEyaC6k4LGFjn8w_0.jpg,0
74,180__18WIZAmNr2Z1owEE_4w4NQ.jpg,4
75,0__0Igo_crIOAaNvOvQJ_mMgw.jpg,3
76,0__3kb-FMxL4-wS_z3UKW21LA.jpg,1
77,180__2_CvAYPAavg5ZULlh0kqsA.jpg,0
78,0___tLSKEFUm4YfRGtYuPNj4g.jpg,0
79,0__vhmbbGQBTZEJ2dvgFF-_XA.jpg,3
80,0__SJ__pXWNYTEUskMEaPDg5w.jpg,2
81,Copy of hSfKusDqFkylYLpJmxQcgg_180.jpg,3
82,0__95ENutlIxM-1zQ5iD6I2xw.jpg,2
83,Copy of xmJZF48CQt5PgiKWvGdzgQ_0.jpg,1
84,0__2csQ4aFEf_-ufQlO59BsEg.jpg,3
85,0__G-B0fzgctDlXBL9n4bHhUQ.jpg,3
86,0__9MWorJunv82d2HWyuqz1BQ.jpg,3
87,0__CNXxs8GkJwKWEiA-5hgOcQ.jpg,3
88,0__ZN1pE8pBnDQwZOqnrm06Mg.jpg,2
89,0__yzRQdWeLmTYtl7IMUALFTQ.jpg,2
90,0__Es9rSq8H_3zEVPWKJR5bFw.jpg,0
91,180__FvzMh6lrwZyX7536hitqKg.jpg,4
92,180__vFEgVOTzKh31d4QPXqeFaw.jpg,3
93,0__cg2hGpIVy9NYxhOzMUBwlA.jpg,3
94,0__xcBBQf5XxEQdlwYbSFr6gQ.jpg,1
95,0__YuWX0mqA4BKCdWTHNErr7Q.jpg,3
96,0__6jTePcRZtaGC5WXoL9ZHtw.jpg,2
97,Copy of eysooPHd6GiTvo1JMX01UQ_180.jpg,2
98,180__VUkY5mLFyJDYaI4lQXIOPw.jpg,4
99,0__GD0fepeNRnRlPosomnB8mA.jpg,4
100,0__cMx64c6iSYrJGT5bJzdyHQ.jpg,3
101,0__1ErbimKQkZ-0lYzE1vr95g.jpg,4
102,Copy of wiZc0Jn1Wg1eNgMMU2CMVg_0.jpg,1
103,0__CAoSLEFGMVFpcE9PN1h4LXFjVE1SSV91UGp6MDZDM1l2d2J1OURYd3d4ZXVPRXVH.jpg,1
104,Copy of LPL2GZtNPFagN9Pa_nnYXg_0.jpg,2
105,0__6qrLBSGl6yW1tGCPnLeJcw.jpg,1
106,180__CNXxs8GkJwKWEiA-5hgOcQ.jpg,2
107,0__cFrkCAMhAehR3kZbIxlbCw.jpg,2
108,Copy of wiZc0Jn1Wg1eNgMMU2CMVg_180.jpg,0
109,0__Xafc4gIokJPXJh0MEjF7mA.jpg,2
110,Copy of qQEhxx8EHge-GOq5PAQqOw_180.jpg,0
111,0__17jwJiFKHkeeInmDkGTw9A.jpg,4
112,Copy of AoIxxdCb4Fqe9ZTuDiW0xw(1)_0.jpg,2
113,0__-exxENIy1zVrosI_suqNJQ.jpg,3
114,0__LakPlX_ckpeMGhgbcFDV5Q.jpg,1
115,0__IJqEGc8nuYVEdPBe2q4oUg.jpg,4
116,Copy of Xb1WtySvy1lykPb33qe82g_180.jpg,3
117,0__CAoSLEFGMVFpcE4yNzJiYXVWdnNFUW9QN3pwT2ZtMnkzR29zYkdkeUVZZDlBUHE4.jpg,0
118,0__-_PPZrlg1CYqF5t7Ieie5w.jpg,3
119,0__xDezchPlyU2KB0GloGm5iA.jpg,0
120,0__L_GGF-m_9SjHga8wJM4sPA.jpg,0
121,0__6F0Zl8CSnG73iSR30wMPlQ.jpg,0
122,180__ZZuFWKdcpx93yMSf3pXk3w.jpg,4
123,Copy of 2JfSZk-LMLubH8cil2dSWQ_0.jpg,2
124,0__femi2vrZPxthes3WGdEZpg.jpg,0
125,0__kIqyUnG77lbhnxFe-Ci6nA.jpg,4
126,0___6TofIUQwSEqfOi1hyMkow.jpg,4
127,Copy of V0cO9wrLmnqbgGVCQyxt1Q_180.jpg,1
128,0__80MmmmRd4O394RgcxnICIA.jpg,1
129,0__2hWgmxFw3-UPkvtqOCz4Uw.jpg,4
130,0__36m0bLDq36GaslqdJtqImQ.jpg,1
131,Copy of 609CS7IE0LZTNtkCNPEaqQ_180.jpg,2
132,180__ybvMiFg5hwDctJ0AD24zoA.jpg,1
133,Copy of 13QlMf0lQ_wJlT2o78Qq-Q_180.jpg,2
134,Copy of LeO4JCvxKte1IXW-JxSEOw_180.jpg,1
135,180__sYRYZ458lwdFICKqXxY5MQ.jpg,3
136,Copy of Mb9SAvFrJif8hXE7jsYBMA_180.jpg,2
137,Copy of lDGZa-NRlUG8K2F0mrOJqA_180.jpg,2
138,0__xXoOB6L6hBwiG3loLckT8g.jpg,2
139,0__9xyP5t_Zuu49j0d6tNta3A.jpg,1
140,0__KIhzR1WeKYCsGaWGkSZOUg.jpg,0
141,Copy of _17JaLd7kk0J06ZDPF4UbQ_0.jpg,4
142,0__ivdiKSCfvztrp9HRCwWy5A.jpg,3
143,0__6ekghqQGzqd2DwHPdt7cIg.jpg,0
144,Copy of 4SVsFa3w6QcOcazUyGl3jg_0.jpg,3
145,180__uwGZuibGgkSXOsin7Im_4A.jpg,0
146,Copy of 0uXjgvcx2zLZlUmHEkc1zw_0.jpg,1
147,0__Bcvlpsf-u0BrUkbTTzIPaA.jpg,2
148,Copy of Cbpw4q0TmJcYqSbeEYFJsg_180.jpg,0
149,Copy of 7sDU3R-r4PjZXesYVfM6GQ_0.jpg,2
150,180__vkop4gcI9IJs805-CuyDyQ.jpg,0
151,Copy of 9X6QBiJ5lP4jIu-dUGfDXw_0.jpg,1
152,Copy of _QUGjIeo--AAueXIZVfdkw_0.jpg,4
153,0__18WIZAmNr2Z1owEE_4w4NQ.jpg,4
154,180__22cg-aNoLw-iiS1Erb7dGw.jpg,4
155,Copy of CZIK2oGeXP20n6hQXBOKuA_180.jpg,0
156,Copy of E0Jf06ullVcdX1S3svftjQ_0.jpg,0
